[
  {
    "organization": "CT TSA Sales, LLC",
    "street": "102 Wolcott Road, Ste C",
    "city": "Wolcott",
    "state": "CT",
    "zip": "06716"
  },
  {
    "name": "Frontier Communications of Lakewood, LLC",
    "street": "401 Merritt 7",
    "city": "Norwalk",
    "state": "CT",
    "zip": "06851-1000"
  },
  {
    "organization": "Cervantes, Inc.",
    "street": "24 North Avenue East",
    "city": "Cranford",
    "state": "NJ",
    "zip": "07016",
    "country": "U.S.A."
  },
  {
    "organization": "Hajjar Medical Office Building of Jersey City, LLC",
    "street": "631 Grand Street",
    "city": "Jersey City",
    "state": "New Jersey",
    "zip": "07304",
    "country": "United States"
  },
  {
    "organization": "OneSource Service, Inc.",
    "street": "135 West 20th Street Suite 201",
    "city": "New York",
    "state": "NY",
    "zip": "10011",
    "country": "U.S."
  },
  {
    "organization": "Tres Mosqueteros Corp. d/b/a La Pulperia de Tito",
    "street": "371 West 46th Street",
    "city": "New York",
    "state": "NY",
    "zip": "10036",
    "country": "U.S."
  },
  {
    "name": "Bob Ring",
    "street": "161 Regis Drive",
    "city": "Staten Island",
    "state": "NY",
    "zip": "10314"
  },
  {
    "organization": "Pie Lady & Son Inc.",
    "street": "10 Rockland Place",
    "city": "Nyack",
    "state": "NY",
    "zip": "10960"
  },
  {
    "name": "  James Joseph MoleyJr.",
    "street": "136 Third Street",
    "city": "Saint James",
    "state": "NY",
    "zip": "11780"
  },
  {
    "name": "Darleen Harding Wheeler",
    "street": "803 Craig Street",
    "city": "Schenectady",
    "state": "NY",
    "zip": "12307",
    "country": "US"
  },
  {
    "name": "Abraham N/M/N Franks",
    "street": "1303 Fifth Street",
    "city": "Hiller",
    "state": "PA",
    "zip": "15444-9733"
  },
  {
    "name": "Alastair T. Crawford",
    "street": "115 West Front Street",
    "city": "Oil City",
    "state": "PA",
    "zip": "16301"
  },
  {
    "name": "  David Allen WeidenhammerJr.",
    "street": "237 Chestnut Street",
    "city": "West Reading",
    "state": "PA",
    "zip": "19611"
  },
  {
    "name": "  JOSEPH CANN SR",
    "street": "477 Toftrees Drive",
    "city": "Middletown",
    "state": "DE",
    "zip": "19709-"
  },
  {
    "name": "CEDRIC WILKERSON",
    "street": "2103 Washington Overlook Drive",
    "city": "Fort Washington",
    "state": "Maryland",
    "zip": "20744"
  },
  {
    "name": "Rhodes Taylor Carter",
    "street": "3321 Huntley Square Drive APT A1",
    "city": "Temple Hills",
    "state": "MD",
    "zip": "20748-6213"
  },
  {
    "name": "WD-I Associates, LLC",
    "street": "1055 Laskin Road, Suite 100",
    "city": "Virginia Beach",
    "state": "VA",
    "zip": "23451-6369"
  },
  {
    "name": "Rayfield Lloyd ,Jr.",
    "street": "6810 CHARITY WAY",
    "city": "Leland",
    "state": "North Carolina",
    "zip": "28451",
    "country": "U.S."
  },
  {
    "name": "Wanda Kay Hood",
    "street": "583 Cayce Olin Dr",
    "county": "YORK",
    "city": "Rock Hill",
    "state": "SC",
    "zip": "29730-8976"
  },
  {
    "name": "Binh N/M/N Lam",
    "street": "75 Chimney Walk Court",
    "city": "Suwanee",
    "state": "GA",
    "zip": "30024"
  },
  {
    "organization": "Medi Caregivers LLC",
    "street": "1172 Old Salem Rd",
    "city": "Conyers",
    "state": "Georgia",
    "zip": "30094"
  },
  {
    "name": "Ronald Dana Robinson",
    "street": "4491 High Gate Drive, N.W.",
    "city": "Acworth",
    "state": "GA",
    "zip": "30101"
  },
  {
    "organization": "Spring Business Group LLC",
    "street": "204 Rockville Springs Dr.",
    "city": "Eatonton",
    "state": "GA",
    "zip": "30124-8219"
  },
  {
    "name": "Charity Lynn Patterson",
    "street": "182 Dallas Rd.",
    "city": "Dallas",
    "state": "GA",
    "zip": "30157"
  },
  {
    "name": "  Quinton Roy McDaniel Sr",
    "street": "6156 Christopher Terrace",
    "county": "CLAYTON",
    "city": "Rex",
    "state": "Georgia",
    "zip": "30273"
  },
  {
    "name": "Fernanda Camacho",
    "street": "155 Joliet Way",
    "city": "Dalton",
    "state": "GA",
    "zip": "30720",
    "country": "United States"
  },
  {
    "name": "  Charles Henry Ray Jr.",
    "street": "2308 Dorminey Street",
    "county": "TIFT",
    "city": "Tifton",
    "state": "GA",
    "zip": "31794"
  },
  {
    "name": "Lamar Thomas Fletcher",
    "street": "2448 Olson Lane",
    "city": "Jacksonville",
    "state": "FL",
    "zip": "32210-"
  },
  {
    "name": "David Scherrep",
    "street": "12014 Cobblewood Lane North",
    "county": "DUVAL",
    "city": "Jacksonville",
    "state": "Florida",
    "zip": "32225"
  },
  {
    "name": "Ted A Tetzlaff",
    "street": "1365 Hudson Way",
    "city": "Grand Island",
    "state": "FL",
    "zip": "32735"
  },
  {
    "name": "Isatou Davis",
    "street": "1070 SW 191 Lane",
    "city": "Pembroke Pines",
    "state": "FL",
    "zip": "33029"
  },
  {
    "name": "Rincon Jimenez Enterprises LLC",
    "street": "6191 W Atlantic Blvd # 1",
    "city": "Margate",
    "state": "Florida",
    "zip": "33063"
  },
  {
    "organization": "Hillsboro Petroleum West, Inc.",
    "street": "19323 Skyridge Cir.",
    "city": "Boca Raton",
    "state": "FL",
    "zip": "33498"
  },
  {
    "name": "Rocky Dean Haynes Jr.",
    "street": "10216 Douglas Oaks Circle Apt. 301",
    "city": "Tampa",
    "state": "FL",
    "zip": "33610-8661"
  },
  {
    "name": "Svetoslav Viktorov Ivanov",
    "street": "342 Ospreys Landing Apt 2105",
    "city": "Naples",
    "state": "FL",
    "zip": "34104"
  },
  {
    "name": "Robert John Blase",
    "street": "8396 Jesolo Lane",
    "city": "Sarasota",
    "state": "Florida",
    "zip": "34238-4738"
  },
  {
    "name": "LaQuisha N/M/N Harris",
    "street": "300 36th Ave NE",
    "city": "Center Point",
    "state": "AL",
    "zip": "35215-1412"
  },
  {
    "organization": "Professional Resources Management of Crenshaw, LLC",
    "street": "60 Commerce Street, Suite 700",
    "city": "Montgomery",
    "state": "Alabama",
    "zip": "36104"
  },
  {
    "name": "Belton Jimmie Crooks Sr.",
    "street": "3658 Cloverdale Rd",
    "city": "Montgomery",
    "state": "AL",
    "zip": "36111",
    "country": "U.S.A."
  },
  {
    "name": "Milton W Gilchrist,Jr",
    "street": "4910 Paddock Club Court Apt A",
    "city": "Montgomery",
    "state": "AL",
    "zip": "36116"
  },
  {
    "name": "Angela Rynette Thomas",
    "street": "7925 Berryhill Court, Apt. B",
    "city": "Montgomery",
    "state": "Alabama",
    "zip": "36117-7729"
  },
  {
    "name": "  Charles Lee Jr.",
    "street": "127 Askew Ln",
    "county": "ESCAMBIA",
    "city": "Atmore",
    "state": "AL",
    "zip": "36502"
  },
  {
    "name": "Brian Lane Bonner",
    "street": "824 Bonneville Drive",
    "city": "Mobile",
    "state": "AL",
    "zip": "36695"
  },
  {
    "name": "Billy Gene Walls Jr",
    "street": "114 Mrs. Gower Rd.",
    "city": "Lawrenceburg",
    "state": "Tennessee",
    "zip": "38464"
  },
  {
    "name": "Dana Walker",
    "street": "105 Briggs Cove",
    "city": "Lamar",
    "state": "MS",
    "zip": "38642"
  },
  {
    "name": "Leonard N/M/N Beasley",
    "street": "319 TICKETT AVE",
    "city": "Greenwood",
    "state": "MS",
    "zip": "38930"
  },
  {
    "name": "Eric Sherrod",
    "street": "1098 South Perkins Road",
    "city": "Columbus",
    "state": "Mississippi",
    "zip": "39705"
  },
  {
    "name": "Roger W. VanHoose,Jr.",
    "street": "190 Lakeshore Circle",
    "city": "Georgetown",
    "state": "KY",
    "zip": "40324"
  },
  {
    "name": "Paul Logan Cardwell",
    "street": "305 Liberty Street",
    "city": "Franklin",
    "state": "KY",
    "zip": "42134"
  },
  {
    "name": "Gary R. Brown",
    "street": "5661 Seapine Rd.",
    "county": "Franklin",
    "city": "Hilliard",
    "state": "OH",
    "zip": "43026"
  },
  {
    "name": "Ronald L Smith, II",
    "street": "7182 Calusa Drive",
    "city": "Reynoldsburg",
    "state": "OH",
    "zip": "43068",
    "country": "USA"
  },
  {
    "name": "Charles P Mercer",
    "street": "P.O. Box 763",
    "city": "London",
    "state": "OH",
    "zip": "43140"
  },
  {
    "name": "Lisa M Arebaugh",
    "street": "2602 E. Township Road 148",
    "city": "Tiffin",
    "state": "OH",
    "zip": "44883"
  },
  {
    "name": "Stephen L. Green Jr.",
    "street": "4201 Neuman Road",
    "city": "Saint Clair",
    "state": "MI",
    "zip": "48079"
  },
  {
    "name": "  Daren McClelland II",
    "street": "51074 Mott Apt #61",
    "county": "WAYNE",
    "city": "Canton",
    "state": "MI",
    "zip": "48188"
  },
  {
    "name": "Annette Wilson",
    "street": "16683 Robson St.",
    "city": "Detroit",
    "state": "MI",
    "zip": "48235-4519"
  },
  {
    "name": "David E. Simpson Jr.",
    "street": "8176 Teachout Rd.",
    "city": "Otisville",
    "state": "MI",
    "zip": "48463"
  },
  {
    "name": "Ratasha Martin",
    "street": "5106 Wexford Road",
    "city": "Lansing",
    "state": "Michigan",
    "zip": "48911",
    "country": "United States"
  },
  {
    "name": "Andrew Reid Thayer",
    "street": "7680 Butler Court",
    "city": "Onsted",
    "state": "MI",
    "zip": "49265",
    "country": "U.S."
  },
  {
    "name": "Patrick Allen McClure",
    "street": "8661 E Butterfly Ln",
    "city": "White Cloud",
    "state": "MI",
    "zip": "49349-9575"
  },
  {
    "name": "Jeremy L. Wehmeyer",
    "street": "227 2nd St",
    "city": "Atalissa",
    "state": "IA",
    "zip": "52720"
  },
  {
    "name": "STEPHEN BRIAN ADAMS,JR.",
    "street": "3822 E. Edgerton Ave.",
    "city": "Cudahy",
    "state": "WI",
    "zip": "53110"
  },
  {
    "name": "  Orlando Hernandez Sr.",
    "street": "7619 W Glenbrook Rd",
    "city": "Milwaukee",
    "state": "WI",
    "zip": "53223-1006"
  },
  {
    "name": "Larry L. Haumschild ,Jr.",
    "street": "W7826 County Road V",
    "city": "Lake Mills",
    "state": "WI",
    "zip": "53551"
  },
  {
    "name": "Cinthia Ivana Fonseca",
    "street": "1684 Wicke Ave",
    "city": "Des Plaines",
    "state": "IL",
    "zip": "60018-1715"
  },
  {
    "name": "Jannely N/M/N Montes",
    "street": "3060 Arthur Ct APT# A3",
    "city": "Waukegan",
    "state": "IL",
    "zip": "60085"
  },
  {
    "name": "Sonji S Dixon-McCoy",
    "street": "1222 East 146th Street",
    "city": "Dolton",
    "state": "Illinois",
    "zip": "60419-"
  },
  {
    "name": "Daniel Kaleta",
    "street": "7236 W 62nd St",
    "city": "Summit Argo",
    "state": "Illinois",
    "zip": "60501",
    "country": "U.S.A."
  },
  {
    "name": "Everardo Rubio Jr.",
    "street": "4520 Joliet Ave",
    "city": "Lyons",
    "state": "IL",
    "zip": "60534"
  },
  {
    "name": "Elena N/M/N Jackson",
    "street": "716 Blossom Ct.",
    "city": "Naperville",
    "state": "IL",
    "zip": "60540"
  },
  {
    "name": "Central Trading Company Ltd.",
    "street": "1501 North Division Street",
    "city": "Plainfield",
    "state": "Illinois",
    "zip": "60544-3890"
  },
  {
    "name": "Erlinda Balguma",
    "street": "3123 West Howard Street",
    "city": "Chicago",
    "state": "Illinois",
    "zip": "60645"
  },
  {
    "name": "Ashley N/M/N Bond",
    "street": "7717 S Kingston Ave Apt 3",
    "city": "Chicago",
    "state": "IL",
    "zip": "60649"
  },
  {
    "name": "Shannon Lee Tucker",
    "street": "2560 E Olive St",
    "county": "Macon",
    "city": "Decatur",
    "state": "IL",
    "zip": "62526-5349"
  },
  {
    "name": "Delveccio Antonio Zollar,Sr.",
    "street": "5223 Spruce Avenue",
    "city": "Kansas City",
    "state": "MO",
    "zip": "64130"
  },
  {
    "name": "Miya Jayzette Williams",
    "street": "7201 Laurel Ridge",
    "city": "Greenwood",
    "state": "LA",
    "zip": "71033",
    "country": "United States"
  },
  {
    "name": "Katherine Elaine Geter",
    "street": "4650 S. Pinnacle Hills Pkwy 206",
    "city": "Rogers",
    "state": "Arkansas",
    "zip": "72758"
  },
  {
    "name": "Adam Ray Richardson",
    "street": "P.O. Box 682",
    "city": "Waldron",
    "state": "AR",
    "zip": "72958"
  },
  {
    "name": "David Allen Topaum Jr.",
    "street": "6110 Northwest Cherry Avenue",
    "city": "Lawton",
    "state": "OK",
    "zip": "73505",
    "country": "USA"
  },
  {
    "name": "Jay Damron",
    "street": "1040 NW 38th Street",
    "city": "Lawton",
    "state": "OK",
    "zip": "73505"
  },
  {
    "organization": "Symmetrix Technologies, LLC",
    "street": "106 N Denton Tap Rd Suite 210-262",
    "city": "Coppell",
    "state": "TX",
    "zip": "75019"
  },
  {
    "name": "Hilda Flores",
    "street": "1509 Alberbrook Pl",
    "county": "DALLAS",
    "city": "Garland",
    "state": "TX",
    "zip": "75040-5551"
  },
  {
    "name": "Shirley Merritt Willaby",
    "street": "104 Joshua Tree Ct",
    "city": "Forney",
    "state": "Texas",
    "zip": "75126-0200"
  },
  {
    "organization": "Consortium B, Inc.",
    "street": "1075 Griffin Street West",
    "city": "Dallas",
    "state": "Texas",
    "zip": "75215"
  },
  {
    "name": "Brenda Vega Chavez",
    "street": "7000 Newberry Ct E",
    "city": "Fort Worth",
    "state": "TX",
    "zip": "76120"
  },
  {
    "name": "CB&I Holdco, LLC",
    "street": "757 North Eldridge Parkway",
    "city": "Houston",
    "state": "TX",
    "zip": "77079-4527"
  },
  {
    "name": "Ralphel N/M/N Johnson",
    "street": "20611 Beigewood Dr",
    "county": "Harris",
    "city": "Humble",
    "state": "TX",
    "zip": "77338"
  },
  {
    "name": "Stephen Guynes",
    "street": "2507 Dry Wind Court",
    "city": "Humble",
    "state": "TX",
    "zip": "77396"
  },
  {
    "name": "Wholesale Intertrade Distributor, Inc.",
    "street": "1351 Pony Trail Pl.",
    "city": "El Paso",
    "state": "TX",
    "zip": "79936-6982"
  },
  {
    "name": "Sabrina N/M/N Renfroe",
    "street": "15470 E. Temple Place",
    "city": "Aurora",
    "state": "Colorado",
    "zip": "80015"
  },
  {
    "name": "Steven Gustav Broman",
    "street": "11035 Grape Way",
    "county": "Adams",
    "city": "Thornton",
    "state": "Colorado",
    "zip": "80233"
  },
  {
    "name": "Drager C-Stores, LLC",
    "street": "304 Challenger Place",
    "city": "Longmont",
    "state": "CO",
    "zip": "80501"
  },
  {
    "name": "Vernon L McCalmant, III",
    "street": "2318 West 4475 South",
    "city": "Roy",
    "state": "UT",
    "zip": "84067",
    "country": "USA"
  },
  {
    "name": "Robert Eugene Warren",
    "street": "1807 West 5000 South",
    "city": "Roy",
    "state": "UT",
    "zip": "84067"
  },
  {
    "name": "  MANUEL VICTOR SOLIZ III",
    "street": "10525 W. MONTEROSA ST #5",
    "county": "MARICOPA",
    "city": "PHOENIX",
    "state": "AZ",
    "zip": "85037-5824"
  },
  {
    "organization": "CRC MEDIA WEST. LLC",
    "street": "8145 EAST EVANS SUITE 8",
    "city": "SCOTTSDALE",
    "state": "AZ",
    "zip": "85260"
  },
  {
    "organization": "Artisan Builders, LLC",
    "street": "14362 N. Frank Lloyd Wright Blvd., #1000",
    "city": "Scottsdale",
    "state": "AZ",
    "zip": "85260-8847"
  },
  {
    "name": "SHERLYTAKYREE HICKSON",
    "street": "2706 S 257TH AVE",
    "city": "BUCKEYE",
    "state": "Arizona",
    "zip": "85326-"
  },
  {
    "name": "COLIN ALLAN PARKER",
    "street": "1440 W. IRVINGTON RD.",
    "city": "TUCSON",
    "state": "Arizona",
    "zip": "85746-4100"
  },
  {
    "name": "Roseanne Botham",
    "street": "12429 Breezewood Dr., #D",
    "city": "Whittier",
    "state": "CA",
    "zip": "90604"
  },
  {
    "name": "Josefina Garcia Montes",
    "street": "12746 1/2 Kalnor Ave",
    "city": "Norwalk",
    "state": "CA",
    "zip": "90650"
  },
  {
    "name": "David N/M/N Amundson",
    "street": "25363 Woodward Ave.",
    "city": "Lomita",
    "state": "California",
    "zip": "90717"
  },
  {
    "name": "Maria De Los Angeles Najera",
    "street": "10340 Canoga Ave, Apt 220",
    "county": "Los Angeles",
    "city": "Chatsworth",
    "state": "California",
    "zip": "91311-2281"
  },
  {
    "name": "Julie Melendrez",
    "street": "721 Griswold Avenue",
    "city": "San Fernando",
    "state": "California",
    "zip": "91340",
    "country": "US"
  },
  {
    "name": "Jose N/M/N Gutierrez",
    "street": "PO BOX 7553",
    "city": "Redlands",
    "state": "CA",
    "zip": "92375-0553"
  },
  {
    "name": "Lourdes Veronica Castillo",
    "street": "63 S Garcia",
    "city": "Mendota",
    "state": "CA",
    "zip": "93640-"
  },
  {
    "name": "Daniel Gonzales Sr",
    "street": "335 Regency Circle #103",
    "city": "Salinas",
    "state": "CA",
    "zip": "93906"
  },
  {
    "name": "Gary Ge",
    "street": "1992 Bowers Avenue",
    "city": "Santa Clara",
    "state": "CA",
    "zip": "95051-1860"
  },
  {
    "name": "Juan Carlos Ortiz",
    "street": "32 Kingfisher Drive",
    "city": "Watsonville",
    "state": "California",
    "zip": "95076-"
  },
  {
    "name": "Arnulfo Hernandez Dacanay,",
    "street": "446 Capitol Village Circle",
    "city": "San Jose",
    "state": "CA",
    "zip": "95136"
  },
  {
    "name": "Maria J Mendoza",
    "street": "26 Dewitt Ave.",
    "city": "Belleville",
    "state": "New",
    "zip": "Jersey"
  }
]